node_id,prediction_stability_0_01,mean_jaccard_0_01,prediction_stability_0_20,mean_jaccard_0_20,prediction_stability_change,explanation_stability_change,endpoint_jaccard_available,prediction_endpoint_unchanged,explanation_endpoint_decreased,direct_decoupling_event
1720,1.0,0.9272727272727274,1.0,0.5239427239427239,0.0,-0.40333000333000346,True,True,True,True
1721,1.0,0.9636363636363636,1.0,0.6733932733932735,0.0,-0.29024309024309014,True,True,True,True
1722,1.0,0.9090909090909092,1.0,0.443956043956044,0.0,-0.4651348651348652,True,True,True,True
1726,1.0,0.9090909090909092,1.0,0.543956043956044,0.0,-0.36513486513486515,True,True,True,True
1744,1.0,0.912121212121212,1.0,0.4681318681318681,0.0,-0.4439893439893439,True,True,True,True
1745,1.0,0.9272727272727274,1.0,0.5073260073260073,0.0,-0.41994671994672006,True,True,True,True
1748,1.0,0.912121212121212,1.0,0.4594322344322344,0.0,-0.4526889776889776,True,True,True,True
1749,1.0,0.8727272727272728,1.0,0.4817765567765567,0.0,-0.3909507159507161,True,True,True,True
1761,1.0,0.8303030303030303,1.0,0.5462870462870463,0.0,-0.28401598401598405,True,True,True,True
1765,1.0,0.9636363636363636,1.0,0.4868131868131867,0.0,-0.47682317682317693,True,True,True,True
1804,1.0,0.9454545454545455,1.0,0.6864801864801866,0.0,-0.25897435897435894,True,True,True,True
1805,1.0,0.9272727272727274,1.0,0.5139194139194139,0.0,-0.4133533133533135,True,True,True,True
1812,1.0,0.8757575757575757,1.0,0.49010989010989,0.0,-0.38564768564768576,True,True,True,True
1822,1.0,0.8424242424242424,1.0,0.5222444222444222,0.0,-0.32017982017982016,True,True,True,True
1830,1.0,0.9303030303030304,1.0,0.5010989010989011,0.0,-0.4292041292041293,True,True,True,True
1856,1.0,1.0,1.0,0.6218781218781219,0.0,-0.37812187812187814,True,True,True,True
1898,1.0,0.9818181818181818,1.0,0.4648351648351648,0.0,-0.516983016983017,True,True,True,True
1903,1.0,0.9454545454545455,1.0,0.4579670329670329,0.0,-0.48748751248751265,True,True,True,True
1917,1.0,0.8424242424242425,1.0,0.429120879120879,0.0,-0.41330336330336354,True,True,True,True
1934,1.0,0.9454545454545455,1.0,0.4520792932557638,0.0,-0.49337525219878176,True,True,True,True
1948,1.0,0.9272727272727274,1.0,0.351255117431588,0.0,-0.5760176098411394,True,True,True,True
1954,1.0,0.9272727272727274,1.0,0.5495837495837496,0.0,-0.3776889776889778,True,True,True,True
1955,1.0,0.9090909090909092,1.0,0.4656593406593406,0.0,-0.44343156843156856,True,True,True,True
1965,1.0,0.9454545454545455,1.0,0.643023643023643,0.0,-0.30243090243090254,True,True,True,True
1966,1.0,0.9818181818181818,1.0,0.4534798534798535,0.0,-0.5283383283383283,True,True,True,True
1971,1.0,0.806060606060606,1.0,0.3645604395604395,0.0,-0.44150016650016655,True,True,True,True
2002,1.0,0.8727272727272728,1.0,0.4886446886446887,0.0,-0.3840825840825841,True,True,True,True
2041,1.0,0.890909090909091,1.0,0.3128851540616246,0.0,-0.5780239368474664,True,True,True,True
2052,1.0,0.8424242424242424,1.0,0.3875604787369493,0.0,-0.4548637636872931,True,True,True,True
2059,1.0,0.890909090909091,1.0,0.3807422969187675,0.0,-0.5101667939903235,True,True,True,True
2060,1.0,0.5896167557932264,1.0,0.2953673777203188,0.0,-0.2942493780729076,True,True,True,True
2074,1.0,0.9484848484848484,1.0,0.4142857142857142,0.0,-0.5341991341991341,True,True,True,True
2075,1.0,0.7878787878787878,1.0,0.3569327731092436,0.0,-0.43094601476954425,True,True,True,True
2076,1.0,0.912121212121212,1.0,0.3500646412411118,0.0,-0.5620565708801002,True,True,True,True
2085,1.0,0.8575757575757577,1.0,0.3212184873949579,0.0,-0.5363572701807997,True,True,True,True
2096,1.0,0.9636363636363636,1.0,0.5591991341991343,0.0,-0.4044372294372294,True,True,True,True
2112,1.0,0.8939393939393939,1.0,0.3812271062271061,0.0,-0.5127122877122878,True,True,True,True
2122,1.0,0.8606060606060606,1.0,0.4009950833480245,0.0,-0.4596109772580361,True,True,True,True
2134,1.0,0.8659673659673659,1.0,0.3686920922215039,0.0,-0.497275273745862,True,True,True,True
2137,1.0,0.9272727272727274,1.0,0.5207375957375957,0.0,-0.40653513153513166,True,True,True,True
2140,1.0,0.8393939393939395,1.0,0.3361757523522229,0.0,-0.5032181870417165,True,True,True,True
2145,1.0,0.8606060606060606,1.0,0.4992673992673991,0.0,-0.3613386613386615,True,True,True,True
2146,1.0,0.8731601731601731,1.0,0.3929217840982547,0.0,-0.48023838906191846,True,True,True,True
2155,1.0,0.8575757575757577,1.0,0.4169413919413919,0.0,-0.44063436563436575,True,True,True,True
2157,1.0,0.9272727272727274,1.0,0.3079778065072182,0.0,-0.6192949207655092,True,True,True,True
2200,1.0,0.8787878787878789,1.0,0.3593840370156159,0.0,-0.5194038417722631,True,True,True,True
2202,1.0,0.7909090909090909,1.0,0.4136446886446886,0.0,-0.3772644022644023,True,True,True,True
2207,1.0,0.8939393939393939,1.0,0.3945970695970696,0.0,-0.49934232434232434,True,True,True,True
2209,1.0,0.915151515151515,1.0,0.4878010878010877,0.0,-0.42735042735042733,True,True,True,True
2218,1.0,0.9818181818181818,1.0,0.6365301365301366,0.0,-0.34528804528804524,True,True,True,True
2236,1.0,0.8265734265734267,1.0,0.3695970695970695,0.0,-0.4569763569763572,True,True,True,True
2237,1.0,0.8454545454545455,1.0,0.3943869855634561,0.0,-0.4510675598910894,True,True,True,True
2238,1.0,0.8575757575757577,1.0,0.4285714285714285,0.0,-0.42900432900432917,True,True,True,True
2261,0.8,0.9303030303030304,0.8,0.393131868131868,0.0,-0.5371711621711623,True,True,True,True
2266,1.0,0.912121212121212,1.0,0.3988095238095238,0.0,-0.5133116883116882,True,True,True,True
2290,1.0,0.8393939393939395,1.0,0.4693869855634561,0.0,-0.3700069538304834,True,True,True,True
2298,0.9,0.9090909090909092,0.8,0.4550673498041919,-0.09999999999999998,-0.4540235592867173,True,False,True,False
2304,1.0,0.915151515151515,1.0,0.4017399267399267,0.0,-0.5134115884115884,True,True,True,True
2311,1.0,0.9023310023310024,1.0,0.471053946053946,0.0,-0.43127705627705637,True,True,True,True
2334,1.0,0.9666666666666666,1.0,0.4659340659340659,0.0,-0.5007326007326007,True,True,True,True
2337,1.0,0.8993006993006993,0.6,0.5079170829170829,-0.4,-0.3913836163836164,True,False,True,False
2363,1.0,1.0,1.0,0.6237096237096237,0.0,-0.3762903762903763,True,True,True,True
2374,1.0,0.9272727272727274,1.0,0.5377289377289377,0.0,-0.38954378954378965,True,True,True,True
2382,1.0,0.8787878787878789,0.7,0.4772893772893772,-0.30000000000000004,-0.4014985014985017,True,False,True,False
2383,1.0,0.8454545454545455,1.0,0.4502747252747253,0.0,-0.3951798201798202,True,True,True,True
2386,1.0,0.9454545454545455,1.0,0.5029304029304029,0.0,-0.4425241425241426,True,True,True,True
2420,1.0,0.9454545454545455,1.0,0.33828197945845,0.0,-0.6071725659960956,True,True,True,True
2421,1.0,0.9454545454545455,1.0,0.5454212454212455,0.0,-0.40003330003330007,True,True,True,True
2440,1.0,0.8424242424242424,1.0,0.3226836888601594,0.0,-0.519740553564083,True,True,True,True
2441,1.0,0.912121212121212,1.0,0.446072446072446,0.0,-0.466048766048766,True,True,True,True
2451,1.0,0.9636363636363636,0.8,0.5752247752247752,-0.19999999999999996,-0.3884115884115884,True,False,True,False
2452,1.0,0.8787878787878787,1.0,0.4630036630036629,0.0,-0.41578421578421576,True,True,True,True
2459,1.0,0.9636363636363636,0.4,0.3026323349852761,-0.6,-0.6610040286510875,True,False,True,False
2477,1.0,0.8561438561438562,1.0,0.5277534965034965,0.0,-0.3283903596403598,True,True,True,True
2478,1.0,0.9818181818181818,1.0,0.5356449106449106,0.0,-0.4461732711732712,True,True,True,True
2495,1.0,0.9636363636363636,1.0,0.4817765567765567,0.0,-0.48185980685980695,True,True,True,True
2499,1.0,0.9818181818181818,1.0,0.5757242757242758,0.0,-0.40609390609390605,True,True,True,True
2507,1.0,0.9636363636363636,1.0,0.249766573295985,0.0,-0.7138697903403786,True,True,True,True
2511,1.0,0.9666666666666666,0.4,0.5547415547415547,-0.6,-0.41192511192511183,True,False,True,False
2518,1.0,0.7878787878787878,1.0,0.3967679379444085,0.0,-0.39111084993437933,True,True,True,True
2539,1.0,0.7811188811188812,1.0,0.4660902822667528,0.0,-0.31502859885212836,True,True,True,True
2554,1.0,0.9636363636363636,1.0,0.3739056876311777,0.0,-0.5897306760051859,True,True,True,True
2556,1.0,0.9272727272727274,1.0,0.3400219061983767,0.0,-0.5872508210743507,True,True,True,True
2575,1.0,0.8939393939393939,0.9,0.5733932733932734,-0.09999999999999998,-0.3205461205461205,True,False,True,False
2588,1.0,0.7895104895104895,1.0,0.3293797705562411,0.0,-0.4601307189542484,True,True,True,True
2592,1.0,0.9090909090909092,1.0,0.3907509157509157,0.0,-0.5183399933399935,True,True,True,True
2593,1.0,1.0,0.9,0.5418914418914419,-0.09999999999999998,-0.4581085581085581,True,False,True,False
2609,1.0,0.8993006993006993,0.7,0.3239621489621489,-0.30000000000000004,-0.5753385503385504,True,False,True,False
2613,1.0,0.6068181818181818,1.0,0.459765028573078,0.0,-0.14705315324510382,True,True,True,True
2614,1.0,0.8424242424242424,1.0,0.3406288156288156,0.0,-0.5017954267954268,True,True,True,True
2627,1.0,0.9818181818181818,1.0,0.6480186480186481,0.0,-0.33379953379953375,True,True,True,True
2668,1.0,0.9636363636363636,1.0,0.4868131868131867,0.0,-0.47682317682317693,True,True,True,True
2678,1.0,0.9090909090909092,0.3,0.3669413919413919,-0.7,-0.5421495171495172,True,False,True,False
2685,1.0,0.8787878787878789,1.0,0.2884112619406737,0.0,-0.5903766168472052,True,True,True,True
2687,1.0,1.0,1.0,0.4728937728937729,0.0,-0.5271062271062271,True,True,True,True
2691,1.0,1.0,1.0,0.4215686274509803,0.0,-0.5784313725490198,True,True,True,True
2700,1.0,0.9636363636363636,0.7,0.6706293706293707,-0.30000000000000004,-0.29300699300699296,True,False,True,False
