node_id,rank,feature_id,beta,rho,num_hops,top_k
1903,1,1149,0.3464481234550476,0.03,2,10
1903,2,40,0.2637125849723816,0.03,2,10
1903,3,1332,0.14910268783569336,0.03,2,10
1903,4,750,0.1467096358537674,0.03,2,10
1903,5,1336,0.12815310060977936,0.03,2,10
1903,6,1425,0.0896490216255188,0.03,2,10
1903,7,1328,0.08580800145864487,0.03,2,10
1903,8,1301,0.06562730669975281,0.03,2,10
1903,9,1060,0.0641288310289383,0.03,2,10
1903,10,1131,0.05613648146390915,0.03,2,10
1749,1,1263,0.16701121628284454,0.03,2,10
1749,2,507,0.05348236858844757,0.03,2,10
1749,3,1132,0.050436682999134064,0.03,2,10
1749,4,623,0.03022914193570614,0.03,2,10
1749,5,495,0.02891041524708271,0.03,2,10
1749,6,19,0.02711244486272335,0.03,2,10
1749,7,1075,0.01667174883186817,0.03,2,10
1749,8,913,0.013915689662098885,0.03,2,10
1749,9,760,0.011722961440682411,0.03,2,10
1749,10,299,0.009369801729917526,0.03,2,10
1726,1,1263,0.24156232178211212,0.03,2,10
1726,2,495,0.06317336112260818,0.03,2,10
1726,3,1075,0.047233548015356064,0.03,2,10
1726,4,398,0.046137485653162,0.03,2,10
1726,5,19,0.027367472648620605,0.03,2,10
1726,6,507,0.023064812645316124,0.03,2,10
1726,7,763,0.01966818794608116,0.03,2,10
1726,8,623,0.016329335048794746,0.03,2,10
1726,9,99,0.013338029384613037,0.03,2,10
1726,10,760,0.011117534711956978,0.03,2,10
2499,1,211,0.14176717400550842,0.03,2,10
2499,2,777,0.14176717400550842,0.03,2,10
2499,3,1426,0.14176717400550842,0.03,2,10
2499,4,89,0.051196202635765076,0.03,2,10
2499,5,110,0.051196202635765076,0.03,2,10
2499,6,289,0.051196202635765076,0.03,2,10
2499,7,373,0.051196202635765076,0.03,2,10
2499,8,431,0.051196202635765076,0.03,2,10
2499,9,442,0.051196202635765076,0.03,2,10
2499,10,726,0.051196202635765076,0.03,2,10
2075,1,1355,0.23542729020118713,0.03,2,10
2075,2,1381,0.1726842224597931,0.03,2,10
2075,3,808,0.15997610986232758,0.03,2,10
2075,4,866,0.1061161458492279,0.03,2,10
2075,5,1071,0.10141286253929138,0.03,2,10
2075,6,1352,0.08100762963294983,0.03,2,10
2075,7,924,0.05230635032057762,0.03,2,10
2075,8,240,0.040199294686317444,0.03,2,10
2075,9,627,0.038888104259967804,0.03,2,10
2075,10,1081,0.03596121072769165,0.03,2,10
1971,1,661,0.23968656361103058,0.03,2,10
1971,2,336,0.13091015815734863,0.03,2,10
1971,3,135,0.09298588335514069,0.03,2,10
1971,4,261,0.06490301340818405,0.03,2,10
1971,5,523,0.06133777275681496,0.03,2,10
1971,6,1353,0.049742814153432846,0.03,2,10
1971,7,1259,0.048816923052072525,0.03,2,10
1971,8,1220,0.02577643282711506,0.03,2,10
1971,9,19,0.025304390117526054,0.03,2,10
1971,10,971,0.022968731820583344,0.03,2,10
1965,1,1254,0.15187713503837585,0.03,2,10
1965,2,44,0.06954170018434525,0.03,2,10
1965,3,48,0.026316482573747635,0.03,2,10
1965,4,221,0.026316482573747635,0.03,2,10
1965,5,285,0.026316482573747635,0.03,2,10
1965,6,303,0.026316482573747635,0.03,2,10
1965,7,335,0.026316482573747635,0.03,2,10
1965,8,447,0.026316482573747635,0.03,2,10
1965,9,540,0.026316482573747635,0.03,2,10
1965,10,640,0.026316482573747635,0.03,2,10
2002,1,474,0.2206304669380188,0.03,2,10
2002,2,647,0.16133959591388702,0.03,2,10
2002,3,507,0.14128313958644867,0.03,2,10
2002,4,774,0.09795857965946198,0.03,2,10
2002,5,125,0.060893066227436066,0.03,2,10
2002,6,661,0.054109759628772736,0.03,2,10
2002,7,77,0.05022935941815376,0.03,2,10
2002,8,1209,0.049080364406108856,0.03,2,10
2002,9,99,0.044248417019844055,0.03,2,10
2002,10,1091,0.043931785970926285,0.03,2,10
2691,1,146,0.2657161355018616,0.03,2,10
2691,2,619,0.2657161355018616,0.03,2,10
2691,3,1348,0.2657161355018616,0.03,2,10
2691,4,1151,0.25028881430625916,0.03,2,10
2691,5,140,0.01491605769842863,0.03,2,10
2691,6,302,0.01491605769842863,0.03,2,10
2691,7,591,0.01491605769842863,0.03,2,10
2691,8,757,0.01491605769842863,0.03,2,10
2691,9,937,0.01491605769842863,0.03,2,10
2691,10,1005,0.01491605769842863,0.03,2,10
2685,1,140,0.34139224886894226,0.03,2,10
2685,2,915,0.19657619297504425,0.03,2,10
2685,3,1290,0.12673215568065643,0.03,2,10
2685,4,1313,0.12673215568065643,0.03,2,10
2685,5,131,0.10281636565923691,0.03,2,10
2685,6,1328,0.04929403215646744,0.03,2,10
2685,7,1066,0.04138077795505524,0.03,2,10
2685,8,1249,0.032188646495342255,0.03,2,10
2685,9,299,0.023827288299798965,0.03,2,10
2685,10,310,0.023827288299798965,0.03,2,10
2421,1,1177,0.3702096939086914,0.03,2,10
2421,2,1381,0.3702096939086914,0.03,2,10
2421,3,19,0.017457526177167892,0.03,2,10
2421,4,191,0.017457526177167892,0.03,2,10
2421,5,385,0.017457526177167892,0.03,2,10
2421,6,464,0.017457526177167892,0.03,2,10
2421,7,580,0.017457526177167892,0.03,2,10
2421,8,638,0.017457526177167892,0.03,2,10
2421,9,660,0.017457526177167892,0.03,2,10
2421,10,748,0.017457526177167892,0.03,2,10
2678,1,647,0.23804481327533722,0.03,2,10
2678,2,507,0.18455322086811066,0.03,2,10
2678,3,918,0.1396583616733551,0.03,2,10
2678,4,1177,0.09898051619529724,0.03,2,10
2678,5,1275,0.07821375131607056,0.03,2,10
2678,6,1338,0.07093227654695511,0.03,2,10
2678,7,509,0.06966955214738846,0.03,2,10
2678,8,1259,0.06100881099700928,0.03,2,10
2678,9,402,0.06092705577611923,0.03,2,10
2678,10,1381,0.05872580036520958,0.03,2,10
2145,1,47,0.30400457978248596,0.03,2,10
2145,2,860,0.18866562843322754,0.03,2,10
2145,3,581,0.13428895175457,0.03,2,10
2145,4,507,0.11559468507766724,0.03,2,10
2145,5,1071,0.11487322300672531,0.03,2,10
2145,6,1397,0.10229838639497757,0.03,2,10
2145,7,505,0.10048804432153702,0.03,2,10
2145,8,284,0.07184762507677078,0.03,2,10
2145,9,1177,0.060703836381435394,0.03,2,10
2145,10,1255,0.023066045716404915,0.03,2,10
2613,1,336,0.8685243725776672,0.03,2,10
2613,2,146,0.07526145130395889,0.03,2,10
2613,3,619,0.07526145130395889,0.03,2,10
2613,4,1274,0.05607759952545166,0.03,2,10
2613,5,67,0.0029394752345979214,0.03,2,10
2613,6,81,0.0029394752345979214,0.03,2,10
2613,7,169,0.0029394752345979214,0.03,2,10
2613,8,252,0.0029394752345979214,0.03,2,10
2613,9,297,0.0029394752345979214,0.03,2,10
2613,10,422,0.0029394752345979214,0.03,2,10
1830,1,495,0.33592331409454346,0.03,2,10
1830,2,581,0.21141985058784485,0.03,2,10
1830,3,1263,0.17276357114315033,0.03,2,10
1830,4,140,0.1351875513792038,0.03,2,10
1830,5,211,0.07415991276502609,0.03,2,10
1830,6,1274,0.05294274911284447,0.03,2,10
1830,7,635,0.03760475665330887,0.03,2,10
1830,8,310,0.0324573740363121,0.03,2,10
1830,9,774,0.025960411876440048,0.03,2,10
1830,10,505,0.02364184521138668,0.03,2,10
2134,1,1005,0.4628387987613678,0.03,2,10
2134,2,1174,0.12413162738084793,0.03,2,10
2134,3,485,0.0958680585026741,0.03,2,10
2134,4,1263,0.07167526334524155,0.03,2,10
2134,5,1177,0.06761759519577026,0.03,2,10
2134,6,262,0.06511669605970383,0.03,2,10
2134,7,1209,0.06435249745845795,0.03,2,10
2134,8,1397,0.04994778707623482,0.03,2,10
2134,9,809,0.024811122566461563,0.03,2,10
2134,10,1230,0.024811122566461563,0.03,2,10
2511,1,1207,0.39946773648262024,0.03,2,10
2511,2,1230,0.2671537399291992,0.03,2,10
2511,3,549,0.21527691185474396,0.03,2,10
2511,4,434,0.15891359746456146,0.03,2,10
2511,5,610,0.031180594116449356,0.03,2,10
2511,6,763,0.031180594116449356,0.03,2,10
2511,7,780,0.031180594116449356,0.03,2,10
2511,8,794,0.031180594116449356,0.03,2,10
2511,9,819,0.031180594116449356,0.03,2,10
2511,10,1054,0.031180594116449356,0.03,2,10
2298,1,4,0.10173140466213226,0.03,2,10
2298,2,168,0.10173140466213226,0.03,2,10
2298,3,246,0.10173140466213226,0.03,2,10
2298,4,392,0.10173140466213226,0.03,2,10
2298,5,701,0.10173140466213226,0.03,2,10
2298,6,935,0.10173140466213226,0.03,2,10
2298,7,1216,0.10173140466213226,0.03,2,10
2298,8,1234,0.10173140466213226,0.03,2,10
2298,9,1253,0.10173140466213226,0.03,2,10
2298,10,1035,0.090780109167099,0.03,2,10
2085,1,581,0.0757313147187233,0.03,2,10
2085,2,292,0.04699796438217163,0.03,2,10
2085,3,734,0.041188232600688934,0.03,2,10
2085,4,94,0.03311276063323021,0.03,2,10
2085,5,994,0.032878629863262177,0.03,2,10
2085,6,786,0.030988305807113647,0.03,2,10
2085,7,1149,0.027508385479450226,0.03,2,10
2085,8,3,0.026543691754341125,0.03,2,10
2085,9,1393,0.026355944573879242,0.03,2,10
2085,10,2,0.026179660111665726,0.03,2,10
2304,1,234,0.16135163605213165,0.03,2,10
2304,2,540,0.12048166245222092,0.03,2,10
2304,3,1254,0.1147083044052124,0.03,2,10
2304,4,125,0.09033899009227753,0.03,2,10
2304,5,455,0.08775048702955246,0.03,2,10
2304,6,647,0.0689496099948883,0.03,2,10
2304,7,19,0.0682351142168045,0.03,2,10
2304,8,933,0.06056208163499832,0.03,2,10
2304,9,1328,0.048478174954652786,0.03,2,10
2304,10,911,0.048243679106235504,0.03,2,10
2140,1,778,0.26781392097473145,0.03,2,10
2140,2,1308,0.23564966022968292,0.03,2,10
2140,3,1432,0.10345466434955597,0.03,2,10
2140,4,647,0.0894252210855484,0.03,2,10
2140,5,591,0.0815703347325325,0.03,2,10
2140,6,1209,0.07007379084825516,0.03,2,10
2140,7,58,0.05906723812222481,0.03,2,10
2140,8,155,0.05378452688455582,0.03,2,10
2140,9,1073,0.05378452688455582,0.03,2,10
2140,10,41,0.03577597066760063,0.03,2,10
2207,1,774,0.2137100249528885,0.03,2,10
2207,2,19,0.16475951671600342,0.03,2,10
2207,3,814,0.15207000076770782,0.03,2,10
2207,4,571,0.14574328064918518,0.03,2,10
2207,5,860,0.1072969138622284,0.03,2,10
2207,6,330,0.08750460296869278,0.03,2,10
2207,7,1353,0.08750460296869278,0.03,2,10
2207,8,1144,0.07457542419433594,0.03,2,10
2207,9,243,0.06871297955513,0.03,2,10
2207,10,1266,0.060020849108695984,0.03,2,10
1748,1,1263,0.18909427523612976,0.03,2,10
1748,2,495,0.046455591917037964,0.03,2,10
1748,3,1075,0.037556782364845276,0.03,2,10
1748,4,507,0.03664655238389969,0.03,2,10
1748,5,623,0.03540753573179245,0.03,2,10
1748,6,19,0.030925842002034187,0.03,2,10
1748,7,615,0.014244811609387398,0.03,2,10
1748,8,760,0.01416090689599514,0.03,2,10
1748,9,774,0.014112966135144234,0.03,2,10
1748,10,299,0.013017563149333,0.03,2,10
2374,1,763,0.1507735550403595,0.03,2,10
2374,2,956,0.1507735550403595,0.03,2,10
2374,3,1197,0.1507735550403595,0.03,2,10
2374,4,1263,0.1507735550403595,0.03,2,10
2374,5,1332,0.1507735550403595,0.03,2,10
2374,6,1355,0.07144595682621002,0.03,2,10
2374,7,40,0.05117664113640785,0.03,2,10
2374,8,82,0.05117664113640785,0.03,2,10
2374,9,758,0.05117664113640785,0.03,2,10
2374,10,911,0.05117664113640785,0.03,2,10
2478,1,211,0.35473331809043884,0.03,2,10
2478,2,540,0.16702532768249512,0.03,2,10
2478,3,1132,0.0552426353096962,0.03,2,10
2478,4,507,0.048210933804512024,0.03,2,10
2478,5,1143,0.048210933804512024,0.03,2,10
2478,6,238,0.025516601279377937,0.03,2,10
2478,7,258,0.025516601279377937,0.03,2,10
2478,8,393,0.025516601279377937,0.03,2,10
2478,9,534,0.025516601279377937,0.03,2,10
2478,10,619,0.025516601279377937,0.03,2,10
2076,1,19,0.11282787472009659,0.03,2,10
2076,2,1381,0.1056460291147232,0.03,2,10
2076,3,755,0.10283294320106506,0.03,2,10
2076,4,694,0.08408035337924957,0.03,2,10
2076,5,64,0.07317686080932617,0.03,2,10
2076,6,1254,0.06853152066469193,0.03,2,10
2076,7,724,0.059333957731723785,0.03,2,10
2076,8,52,0.053415488451719284,0.03,2,10
2076,9,878,0.05244644358754158,0.03,2,10
2076,10,540,0.04245942831039429,0.03,2,10
2386,1,19,0.23588025569915771,0.03,2,10
2386,2,1175,0.23588025569915771,0.03,2,10
2386,3,284,0.23303553462028503,0.03,2,10
2386,4,1263,0.14349398016929626,0.03,2,10
2386,5,540,0.09018512815237045,0.03,2,10
2386,6,507,0.07771461457014084,0.03,2,10
2386,7,260,0.06750540435314178,0.03,2,10
2386,8,273,0.06750540435314178,0.03,2,10
2386,9,470,0.06601379066705704,0.03,2,10
2386,10,4,0.0641619861125946,0.03,2,10
1744,1,1263,0.19710609316825867,0.03,2,10
1744,2,495,0.04261039197444916,0.03,2,10
1744,3,1075,0.038099244236946106,0.03,2,10
1744,4,623,0.037462927401065826,0.03,2,10
1744,5,507,0.03744150325655937,0.03,2,10
1744,6,19,0.02991943620145321,0.03,2,10
1744,7,299,0.016939328983426094,0.03,2,10
1744,8,615,0.016193503513932228,0.03,2,10
1744,9,760,0.014048514887690544,0.03,2,10
1744,10,176,0.012316664680838585,0.03,2,10
2575,1,1205,0.1724742352962494,0.03,2,10
2575,2,1330,0.1724742352962494,0.03,2,10
2575,3,1328,0.08752819150686264,0.03,2,10
2575,4,827,0.07170389592647552,0.03,2,10
2575,5,45,0.05128328874707222,0.03,2,10
2575,6,126,0.05128328874707222,0.03,2,10
2575,7,292,0.05128328874707222,0.03,2,10
2575,8,398,0.05128328874707222,0.03,2,10
2575,9,490,0.05128328874707222,0.03,2,10
2575,10,559,0.05128328874707222,0.03,2,10
2137,1,135,0.2402712106704712,0.03,2,10
2137,2,93,0.18364757299423218,0.03,2,10
2137,3,205,0.12891539931297302,0.03,2,10
2137,4,814,0.10462290793657303,0.03,2,10
2137,5,1005,0.08293694257736206,0.03,2,10
2137,6,1132,0.08293694257736206,0.03,2,10
2137,7,507,0.07304021716117859,0.03,2,10
2137,8,874,0.06853128224611282,0.03,2,10
2137,9,729,0.06799373030662537,0.03,2,10
2137,10,19,0.0608866810798645,0.03,2,10
2334,1,1075,0.31295546889305115,0.03,2,10
2334,2,763,0.24606658518314362,0.03,2,10
2334,3,1263,0.14924030005931854,0.03,2,10
2334,4,1149,0.08918334543704987,0.03,2,10
2334,5,393,0.08081798255443573,0.03,2,10
2334,6,1177,0.07011116296052933,0.03,2,10
2334,7,1049,0.06667113304138184,0.03,2,10
2334,8,860,0.05441231280565262,0.03,2,10
2334,9,1132,0.037802085280418396,0.03,2,10
2334,10,956,0.03248065337538719,0.03,2,10
2146,1,486,0.24670501053333282,0.03,2,10
2146,2,1259,0.19231350719928741,0.03,2,10
2146,3,1375,0.1612391322851181,0.03,2,10
2146,4,1357,0.14388494193553925,0.03,2,10
2146,5,132,0.11394858360290527,0.03,2,10
2146,6,1328,0.07317027449607849,0.03,2,10
2146,7,664,0.06568758934736252,0.03,2,10
2146,8,32,0.02942097745835781,0.03,2,10
2146,9,1201,0.02942097745835781,0.03,2,10
2146,10,349,0.02219095639884472,0.03,2,10
2556,1,19,0.20804233849048615,0.03,2,10
2556,2,1132,0.1912907361984253,0.03,2,10
2556,3,1075,0.17041416466236115,0.03,2,10
2556,4,1306,0.10398168861865997,0.03,2,10
2556,5,911,0.09273140877485275,0.03,2,10
2556,6,650,0.039148230105638504,0.03,2,10
2556,7,1194,0.039148230105638504,0.03,2,10
2556,8,1174,0.03779987245798111,0.03,2,10
2556,9,937,0.03470470756292343,0.03,2,10
2556,10,191,0.02910761907696724,0.03,2,10
1966,1,661,0.21905410289764404,0.03,2,10
1966,2,455,0.2162419706583023,0.03,2,10
1966,3,285,0.11631738394498825,0.03,2,10
1966,4,125,0.09234631806612015,0.03,2,10
1966,5,336,0.07619502395391464,0.03,2,10
1966,6,935,0.053732942789793015,0.03,2,10
1966,7,6,0.03846384584903717,0.03,2,10
1966,8,1139,0.0332527831196785,0.03,2,10
1966,9,523,0.033074475824832916,0.03,2,10
1966,10,135,0.02985686995089054,0.03,2,10
1721,1,1263,0.17292921245098114,0.03,2,10
1721,2,495,0.06689605116844177,0.03,2,10
1721,3,19,0.05066520720720291,0.03,2,10
1721,4,507,0.04337744414806366,0.03,2,10
1721,5,623,0.028308264911174774,0.03,2,10
1721,6,774,0.02690490335226059,0.03,2,10
1721,7,337,0.026199553161859512,0.03,2,10
1721,8,1075,0.02316180430352688,0.03,2,10
1721,9,698,0.0228608138859272,0.03,2,10
1721,10,615,0.016766326501965523,0.03,2,10
2052,1,581,0.22684381902217865,0.03,2,10
2052,2,132,0.12920956313610077,0.03,2,10
2052,3,1075,0.11955669522285461,0.03,2,10
2052,4,869,0.057280782610177994,0.03,2,10
2052,5,1315,0.056352052837610245,0.03,2,10
2052,6,1348,0.052167877554893494,0.03,2,10
2052,7,969,0.04584011808037758,0.03,2,10
2052,8,133,0.04364503547549248,0.03,2,10
2052,9,1332,0.030045295134186745,0.03,2,10
2052,10,915,0.028758199885487556,0.03,2,10
2451,1,495,0.16781172156333923,0.03,2,10
2451,2,1263,0.11989883333444595,0.03,2,10
2451,3,507,0.09799516201019287,0.03,2,10
2451,4,1332,0.09052424877882004,0.03,2,10
2451,5,211,0.08776315301656723,0.03,2,10
2451,6,1132,0.08542097359895706,0.03,2,10
2451,7,299,0.07061796635389328,0.03,2,10
2451,8,1197,0.05512437969446182,0.03,2,10
2451,9,874,0.052675601094961166,0.03,2,10
2451,10,1118,0.03928590193390846,0.03,2,10
2122,1,536,0.3169972598552704,0.03,2,10
2122,2,1278,0.14581094682216644,0.03,2,10
2122,3,282,0.13268330693244934,0.03,2,10
2122,4,398,0.09368009120225906,0.03,2,10
2122,5,939,0.08859284967184067,0.03,2,10
2122,6,1054,0.07025881856679916,0.03,2,10
2122,7,808,0.06890848278999329,0.03,2,10
2122,8,1381,0.05796852335333824,0.03,2,10
2122,9,153,0.05441238731145859,0.03,2,10
2122,10,172,0.05358695238828659,0.03,2,10
2609,1,475,0.2575165331363678,0.03,2,10
2609,2,619,0.18085820972919464,0.03,2,10
2609,3,1138,0.15376541018486023,0.03,2,10
2609,4,819,0.05600811541080475,0.03,2,10
2609,5,860,0.05043911561369896,0.03,2,10
2609,6,261,0.043478239327669144,0.03,2,10
2609,7,1118,0.043478239327669144,0.03,2,10
2609,8,52,0.03753581643104553,0.03,2,10
2609,9,176,0.03753581643104553,0.03,2,10
2609,10,330,0.03753581643104553,0.03,2,10
2155,1,19,0.18315161764621735,0.03,2,10
2155,2,202,0.11028816550970078,0.03,2,10
2155,3,750,0.11028816550970078,0.03,2,10
2155,4,1254,0.1042262464761734,0.03,2,10
2155,5,74,0.07744145393371582,0.03,2,10
2155,6,52,0.06572193652391434,0.03,2,10
2155,7,588,0.06456584483385086,0.03,2,10
2155,8,1075,0.05141446366906166,0.03,2,10
2155,9,1057,0.04130306467413902,0.03,2,10
2155,10,1205,0.03833426535129547,0.03,2,10
1765,1,1263,0.19120226800441742,0.03,2,10
1765,2,507,0.040867310017347336,0.03,2,10
1765,3,495,0.03882263973355293,0.03,2,10
1765,4,19,0.037082236260175705,0.03,2,10
1765,5,1075,0.03542789816856384,0.03,2,10
1765,6,623,0.035066522657871246,0.03,2,10
1765,7,774,0.020703520625829697,0.03,2,10
1765,8,299,0.015866577625274658,0.03,2,10
1765,9,615,0.014265469275414944,0.03,2,10
1765,10,760,0.01180205587297678,0.03,2,10
2266,1,540,0.352216511964798,0.03,2,10
2266,2,969,0.24850858747959137,0.03,2,10
2266,3,1292,0.13297049701213837,0.03,2,10
2266,4,725,0.09257309883832932,0.03,2,10
2266,5,470,0.06223622336983681,0.03,2,10
2266,6,792,0.050887975841760635,0.03,2,10
2266,7,1263,0.04101143404841423,0.03,2,10
2266,8,132,0.030945247039198875,0.03,2,10
2266,9,237,0.030945247039198875,0.03,2,10
2266,10,274,0.030945247039198875,0.03,2,10
2236,1,1348,0.29142192006111145,0.03,2,10
2236,2,1263,0.14677704870700836,0.03,2,10
2236,3,724,0.09254205971956253,0.03,2,10
2236,4,146,0.05692875757813454,0.03,2,10
2236,5,774,0.05692875757813454,0.03,2,10
2236,6,698,0.05354556441307068,0.03,2,10
2236,7,648,0.05280907452106476,0.03,2,10
2236,8,986,0.05280907452106476,0.03,2,10
2236,9,1209,0.040547654032707214,0.03,2,10
2236,10,509,0.0403023399412632,0.03,2,10
2507,1,1209,0.421368807554245,0.03,2,10
2507,2,628,0.19922377169132233,0.03,2,10
2507,3,93,0.18845129013061523,0.03,2,10
2507,4,310,0.09053847193717957,0.03,2,10
2507,5,621,0.07121270895004272,0.03,2,10
2507,6,1262,0.07121270895004272,0.03,2,10
2507,7,1097,0.05793207883834839,0.03,2,10
2507,8,25,0.04219534620642662,0.03,2,10
2507,9,1230,0.041322991251945496,0.03,2,10
2507,10,330,0.02944881282746792,0.03,2,10
2554,1,988,0.34645789861679077,0.03,2,10
2554,2,19,0.2870827615261078,0.03,2,10
2554,3,774,0.2870827615261078,0.03,2,10
2554,4,548,0.15949976444244385,0.03,2,10
2554,5,1263,0.02182415872812271,0.03,2,10
2554,6,167,0.015545710921287537,0.03,2,10
2554,7,193,0.015545710921287537,0.03,2,10
2554,8,714,0.015545710921287537,0.03,2,10
2554,9,797,0.015545710921287537,0.03,2,10
2554,10,1171,0.015545710921287537,0.03,2,10
2441,1,988,0.15944792330265045,0.03,2,10
2441,2,140,0.13133813440799713,0.03,2,10
2441,3,507,0.12514939904212952,0.03,2,10
2441,4,860,0.10327298194169998,0.03,2,10
2441,5,1247,0.09635823965072632,0.03,2,10
2441,6,1249,0.09635823965072632,0.03,2,10
2441,7,299,0.06525543332099915,0.03,2,10
2441,8,501,0.05689525231719017,0.03,2,10
2441,9,677,0.05002082884311676,0.03,2,10
2441,10,996,0.05002082884311676,0.03,2,10
2209,1,610,0.5347279906272888,0.03,2,10
2209,2,65,0.16777531802654266,0.03,2,10
2209,3,353,0.10227598994970322,0.03,2,10
2209,4,485,0.10227598994970322,0.03,2,10
2209,5,1387,0.05803065001964569,0.03,2,10
2209,6,461,0.020631732419133186,0.03,2,10
2209,7,573,0.020631732419133186,0.03,2,10
2209,8,574,0.020631732419133186,0.03,2,10
2209,9,708,0.020631732419133186,0.03,2,10
2209,10,777,0.020631732419133186,0.03,2,10
2112,1,509,0.13907533884048462,0.03,2,10
2112,2,734,0.1333395540714264,0.03,2,10
2112,3,814,0.10154041647911072,0.03,2,10
2112,4,1131,0.10117361694574356,0.03,2,10
2112,5,1049,0.09820522367954254,0.03,2,10
2112,6,1348,0.0791572704911232,0.03,2,10
2112,7,816,0.07619857788085938,0.03,2,10
2112,8,303,0.06380787491798401,0.03,2,10
2112,9,696,0.06380787491798401,0.03,2,10
2112,10,1263,0.051695071160793304,0.03,2,10
2627,1,19,0.057406116276979446,0.03,2,10
2627,2,99,0.057406116276979446,0.03,2,10
2627,3,191,0.057406116276979446,0.03,2,10
2627,4,385,0.057406116276979446,0.03,2,10
2627,5,507,0.057406116276979446,0.03,2,10
2627,6,580,0.057406116276979446,0.03,2,10
2627,7,638,0.057406116276979446,0.03,2,10
2627,8,660,0.057406116276979446,0.03,2,10
2627,9,748,0.057406116276979446,0.03,2,10
2627,10,774,0.057406116276979446,0.03,2,10
2700,1,19,0.0732818990945816,0.03,2,10
2700,2,330,0.0732818990945816,0.03,2,10
2700,3,480,0.0732818990945816,0.03,2,10
2700,4,566,0.0732818990945816,0.03,2,10
2700,5,655,0.0732818990945816,0.03,2,10
2700,6,798,0.0732818990945816,0.03,2,10
2700,7,969,0.0732818990945816,0.03,2,10
2700,8,979,0.0732818990945816,0.03,2,10
2700,9,1156,0.0732818990945816,0.03,2,10
2700,10,1263,0.0732818990945816,0.03,2,10
2261,1,1209,0.22676445543766022,0.03,2,10
2261,2,827,0.20856857299804688,0.03,2,10
2261,3,1381,0.15822535753250122,0.03,2,10
2261,4,754,0.13774308562278748,0.03,2,10
2261,5,1254,0.10527189075946808,0.03,2,10
2261,6,129,0.10231334716081619,0.03,2,10
2261,7,1143,0.06496156752109528,0.03,2,10
2261,8,1257,0.047101058065891266,0.03,2,10
2261,9,610,0.04692418500781059,0.03,2,10
2261,10,523,0.02672872692346573,0.03,2,10
1720,1,1263,0.19581611454486847,0.03,2,10
1720,2,507,0.05199664086103439,0.03,2,10
1720,3,623,0.0420268252491951,0.03,2,10
1720,4,1075,0.03790302574634552,0.03,2,10
1720,5,495,0.03351956605911255,0.03,2,10
1720,6,19,0.030613066628575325,0.03,2,10
1720,7,299,0.015715328976511955,0.03,2,10
1720,8,774,0.014811147004365921,0.03,2,10
1720,9,760,0.012149283662438393,0.03,2,10
1720,10,176,0.010283205658197403,0.03,2,10
2420,1,19,0.12513470649719238,0.03,2,10
2420,2,130,0.12513470649719238,0.03,2,10
2420,3,385,0.12513470649719238,0.03,2,10
2420,4,1075,0.09761909395456314,0.03,2,10
2420,5,85,0.09316007792949677,0.03,2,10
2420,6,691,0.09316007792949677,0.03,2,10
2420,7,911,0.09316007792949677,0.03,2,10
2420,8,1392,0.09316007792949677,0.03,2,10
2420,9,830,0.03993265703320503,0.03,2,10
2420,10,1389,0.03993265703320503,0.03,2,10
2518,1,507,0.19691941142082214,0.03,2,10
2518,2,918,0.15223166346549988,0.03,2,10
2518,3,780,0.07451354712247849,0.03,2,10
2518,4,597,0.07194658368825912,0.03,2,10
2518,5,647,0.06071420758962631,0.03,2,10
2518,6,402,0.053543537855148315,0.03,2,10
2518,7,103,0.05000893026590347,0.03,2,10
2518,8,1259,0.03332433104515076,0.03,2,10
2518,9,151,0.030905410647392273,0.03,2,10
2518,10,1138,0.028201866894960403,0.03,2,10
1948,1,136,0.3064872920513153,0.03,2,10
1948,2,774,0.22197668254375458,0.03,2,10
1948,3,193,0.10836681723594666,0.03,2,10
1948,4,615,0.09585430473089218,0.03,2,10
1948,5,1351,0.06546664983034134,0.03,2,10
1948,6,1138,0.06059948727488518,0.03,2,10
1948,7,67,0.05883951112627983,0.03,2,10
1948,8,949,0.057872332632541656,0.03,2,10
1948,9,586,0.03628499433398247,0.03,2,10
1948,10,1177,0.030427832156419754,0.03,2,10
2668,1,507,0.20463953912258148,0.03,2,10
2668,2,1381,0.19348670542240143,0.03,2,10
2668,3,146,0.16386987268924713,0.03,2,10
2668,4,1348,0.16386987268924713,0.03,2,10
2668,5,808,0.12172073125839233,0.03,2,10
2668,6,1071,0.07879068702459335,0.03,2,10
2668,7,540,0.07127899676561356,0.03,2,10
2668,8,924,0.06854671239852905,0.03,2,10
2668,9,1177,0.06632872670888901,0.03,2,10
2668,10,240,0.04539453610777855,0.03,2,10
1955,1,435,0.25254398584365845,0.03,2,10
1955,2,625,0.17140601575374603,0.03,2,10
1955,3,4,0.16098488867282867,0.03,2,10
1955,4,400,0.12033098936080933,0.03,2,10
1955,5,1149,0.1203060895204544,0.03,2,10
1955,6,647,0.11957646906375885,0.03,2,10
1955,7,1018,0.11957646906375885,0.03,2,10
1955,8,40,0.05856550857424736,0.03,2,10
1955,9,303,0.042279839515686035,0.03,2,10
1955,10,1426,0.042279839515686035,0.03,2,10
2593,1,715,0.20209337770938873,0.03,2,10
2593,2,1353,0.20209337770938873,0.03,2,10
2593,3,1114,0.12805896997451782,0.03,2,10
2593,4,99,0.04407533258199692,0.03,2,10
2593,5,140,0.04407533258199692,0.03,2,10
2593,6,191,0.04407533258199692,0.03,2,10
2593,7,385,0.04407533258199692,0.03,2,10
2593,8,464,0.04407533258199692,0.03,2,10
2593,9,495,0.04407533258199692,0.03,2,10
2593,10,580,0.04407533258199692,0.03,2,10
2218,1,581,0.14527375996112823,0.03,2,10
2218,2,152,0.06800347566604614,0.03,2,10
2218,3,168,0.06800347566604614,0.03,2,10
2218,4,340,0.06800347566604614,0.03,2,10
2218,5,509,0.06800347566604614,0.03,2,10
2218,6,734,0.06800347566604614,0.03,2,10
2218,7,1031,0.06800347566604614,0.03,2,10
2218,8,1058,0.06800347566604614,0.03,2,10
2218,9,1155,0.06800347566604614,0.03,2,10
2218,10,1255,0.06800347566604614,0.03,2,10
2311,1,507,0.27825847268104553,0.03,2,10
2311,2,64,0.2697204053401947,0.03,2,10
2311,3,132,0.19967283308506012,0.03,2,10
2311,4,211,0.1841687113046646,0.03,2,10
2311,5,1090,0.13404187560081482,0.03,2,10
2311,6,695,0.1037246435880661,0.03,2,10
2311,7,647,0.03359915688633919,0.03,2,10
2311,8,800,0.01118999719619751,0.03,2,10
2311,9,1057,0.01118999719619751,0.03,2,10
2311,10,1142,0.01118999719619751,0.03,2,10
2337,1,19,0.09403868764638901,0.03,2,10
2337,2,1254,0.09403868764638901,0.03,2,10
2337,3,25,0.08195235580205917,0.03,2,10
2337,4,523,0.059534184634685516,0.03,2,10
2337,5,542,0.059534184634685516,0.03,2,10
2337,6,645,0.059534184634685516,0.03,2,10
2337,7,648,0.059534184634685516,0.03,2,10
2337,8,661,0.059534184634685516,0.03,2,10
2337,9,664,0.059534184634685516,0.03,2,10
2337,10,725,0.059534184634685516,0.03,2,10
2495,1,19,0.28208646178245544,0.03,2,10
2495,2,1263,0.2523406744003296,0.03,2,10
2495,3,365,0.17484962940216064,0.03,2,10
2495,4,931,0.11558464914560318,0.03,2,10
2495,5,204,0.10658536106348038,0.03,2,10
2495,6,336,0.09925688803195953,0.03,2,10
2495,7,524,0.062173184007406235,0.03,2,10
2495,8,1247,0.062173184007406235,0.03,2,10
2495,9,1249,0.062173184007406235,0.03,2,10
2495,10,1402,0.062173184007406235,0.03,2,10
2157,1,338,0.2756624221801758,0.03,2,10
2157,2,666,0.2756624221801758,0.03,2,10
2157,3,610,0.10360972583293915,0.03,2,10
2157,4,1379,0.0820002555847168,0.03,2,10
2157,5,30,0.06020217016339302,0.03,2,10
2157,6,1332,0.05490567162632942,0.03,2,10
2157,7,1389,0.05490567162632942,0.03,2,10
2157,8,1392,0.04613114148378372,0.03,2,10
2157,9,690,0.03492816910147667,0.03,2,10
2157,10,574,0.03445969894528389,0.03,2,10
1822,1,1052,0.17245665192604065,0.03,2,10
1822,2,754,0.11184939742088318,0.03,2,10
1822,3,149,0.09385215491056442,0.03,2,10
1822,4,1076,0.08177632093429565,0.03,2,10
1822,5,648,0.07965860515832901,0.03,2,10
1822,6,724,0.05820788815617561,0.03,2,10
1822,7,99,0.05109725147485733,0.03,2,10
1822,8,19,0.04404100775718689,0.03,2,10
1822,9,581,0.043639808893203735,0.03,2,10
1822,10,624,0.043639808893203735,0.03,2,10
2687,1,447,0.1641073375940323,0.03,2,10
2687,2,877,0.1641073375940323,0.03,2,10
2687,3,900,0.1641073375940323,0.03,2,10
2687,4,207,0.10169094800949097,0.03,2,10
2687,5,659,0.10169094800949097,0.03,2,10
2687,6,964,0.10169094800949097,0.03,2,10
2687,7,1318,0.10169094800949097,0.03,2,10
2687,8,6,0.012605144642293453,0.03,2,10
2687,9,19,0.012605144642293453,0.03,2,10
2687,10,39,0.012605144642293453,0.03,2,10
1954,1,4,0.22311200201511383,0.03,2,10
1954,2,40,0.15809446573257446,0.03,2,10
1954,3,774,0.15211890637874603,0.03,2,10
1954,4,758,0.10839560627937317,0.03,2,10
1954,5,1263,0.09354718029499054,0.03,2,10
1954,6,725,0.05948098003864288,0.03,2,10
1954,7,1249,0.04701788350939751,0.03,2,10
1954,8,1018,0.0439453199505806,0.03,2,10
1954,9,19,0.036049775779247284,0.03,2,10
1954,10,123,0.03466618061065674,0.03,2,10
2059,1,1328,0.12883684039115906,0.03,2,10
2059,2,135,0.10414490103721619,0.03,2,10
2059,3,162,0.10414490103721619,0.03,2,10
2059,4,507,0.09404225647449493,0.03,2,10
2059,5,827,0.09053350239992142,0.03,2,10
2059,6,814,0.09023167192935944,0.03,2,10
2059,7,99,0.08926663547754288,0.03,2,10
2059,8,1254,0.0809418261051178,0.03,2,10
2059,9,1177,0.06731343269348145,0.03,2,10
2059,10,1330,0.0660361796617508,0.03,2,10
2096,1,1263,0.2892908453941345,0.03,2,10
2096,2,1138,0.18863508105278015,0.03,2,10
2096,3,1076,0.1681526154279709,0.03,2,10
2096,4,299,0.16813504695892334,0.03,2,10
2096,5,292,0.16300779581069946,0.03,2,10
2096,6,1331,0.11421894282102585,0.03,2,10
2096,7,13,0.07834936678409576,0.03,2,10
2096,8,495,0.07811923325061798,0.03,2,10
2096,9,540,0.07274799793958664,0.03,2,10
2096,10,588,0.07274799793958664,0.03,2,10
2614,1,1381,0.19595354795455933,0.03,2,10
2614,2,779,0.15381565690040588,0.03,2,10
2614,3,118,0.11583253741264343,0.03,2,10
2614,4,126,0.1103997677564621,0.03,2,10
2614,5,314,0.1103997677564621,0.03,2,10
2614,6,1230,0.05155752971768379,0.03,2,10
2614,7,945,0.046460580080747604,0.03,2,10
2614,8,1105,0.041474755853414536,0.03,2,10
2614,9,140,0.038520827889442444,0.03,2,10
2614,10,1247,0.032897744327783585,0.03,2,10
2363,1,1203,0.4664013087749481,0.03,2,10
2363,2,4,0.04003164544701576,0.03,2,10
2363,3,44,0.04003164544701576,0.03,2,10
2363,4,619,0.04003164544701576,0.03,2,10
2363,5,979,0.04003164544701576,0.03,2,10
2363,6,1075,0.04003164544701576,0.03,2,10
2363,7,1158,0.04003164544701576,0.03,2,10
2363,8,1209,0.04003164544701576,0.03,2,10
2363,9,1213,0.04003164544701576,0.03,2,10
2363,10,1228,0.04003164544701576,0.03,2,10
2237,1,1079,0.22396281361579895,0.03,2,10
2237,2,58,0.22052861750125885,0.03,2,10
2237,3,1263,0.17628471553325653,0.03,2,10
2237,4,648,0.16718190908432007,0.03,2,10
2237,5,474,0.1107293963432312,0.03,2,10
2237,6,1144,0.04492105171084404,0.03,2,10
2237,7,812,0.03382609412074089,0.03,2,10
2237,8,647,0.01929486356675625,0.03,2,10
2237,9,610,0.017361566424369812,0.03,2,10
2237,10,136,0.014277379959821701,0.03,2,10
2041,1,125,0.09865185618400574,0.03,2,10
2041,2,893,0.07511027902364731,0.03,2,10
2041,3,474,0.0745992586016655,0.03,2,10
2041,4,724,0.05305180326104164,0.03,2,10
2041,5,1097,0.04734421893954277,0.03,2,10
2041,6,1147,0.04610148072242737,0.03,2,10
2041,7,1174,0.03800896927714348,0.03,2,10
2041,8,1299,0.03752480074763298,0.03,2,10
2041,9,1127,0.03377312794327736,0.03,2,10
2041,10,1171,0.032928649336099625,0.03,2,10
2202,1,1198,0.12698926031589508,0.03,2,10
2202,2,726,0.12615112960338593,0.03,2,10
2202,3,730,0.10566728562116623,0.03,2,10
2202,4,860,0.08691275119781494,0.03,2,10
2202,5,165,0.05123624578118324,0.03,2,10
2202,6,339,0.04668547213077545,0.03,2,10
2202,7,336,0.044405411928892136,0.03,2,10
2202,8,725,0.044405411928892136,0.03,2,10
2202,9,957,0.044405411928892136,0.03,2,10
2202,10,701,0.042471013963222504,0.03,2,10
2074,1,284,0.12762001156806946,0.03,2,10
2074,2,1132,0.1165291965007782,0.03,2,10
2074,3,1397,0.07177464663982391,0.03,2,10
2074,4,507,0.07087279856204987,0.03,2,10
2074,5,966,0.06789256632328033,0.03,2,10
2074,6,1114,0.06188877299427986,0.03,2,10
2074,7,479,0.05801079049706459,0.03,2,10
2074,8,1236,0.05574396625161171,0.03,2,10
2074,9,458,0.05325227603316307,0.03,2,10
2074,10,474,0.053184378892183304,0.03,2,10
2290,1,1194,0.20234420895576477,0.03,2,10
2290,2,1330,0.1662813425064087,0.03,2,10
2290,3,1198,0.13177749514579773,0.03,2,10
2290,4,51,0.11904533952474594,0.03,2,10
2290,5,1178,0.11126373708248138,0.03,2,10
2290,6,864,0.0935555025935173,0.03,2,10
2290,7,284,0.08604451268911362,0.03,2,10
2290,8,915,0.0710727870464325,0.03,2,10
2290,9,382,0.06941480934619904,0.03,2,10
2290,10,1138,0.0570136159658432,0.03,2,10
2382,1,1263,0.21855418384075165,0.03,2,10
2382,2,149,0.19567163288593292,0.03,2,10
2382,3,648,0.19567163288593292,0.03,2,10
2382,4,874,0.19567163288593292,0.03,2,10
2382,5,292,0.14861658215522766,0.03,2,10
2382,6,168,0.12184048444032669,0.03,2,10
2382,7,1339,0.11948871612548828,0.03,2,10
2382,8,19,0.11008201539516449,0.03,2,10
2382,9,1208,0.06520546972751617,0.03,2,10
2382,10,1262,0.03416441008448601,0.03,2,10
1804,1,495,0.289660781621933,0.03,2,10
1804,2,581,0.16511912643909454,0.03,2,10
1804,3,1263,0.10433130711317062,0.03,2,10
1804,4,299,0.08958809822797775,0.03,2,10
1804,5,118,0.055932048708200455,0.03,2,10
1804,6,336,0.048907674849033356,0.03,2,10
1804,7,368,0.03896640986204147,0.03,2,10
1804,8,1071,0.03678359091281891,0.03,2,10
1804,9,648,0.024462750181555748,0.03,2,10
1804,10,874,0.022935371845960617,0.03,2,10
1917,1,1005,0.18812446296215057,0.03,2,10
1917,2,1263,0.09801441431045532,0.03,2,10
1917,3,1132,0.09679557383060455,0.03,2,10
1917,4,615,0.08566974103450775,0.03,2,10
1917,5,1076,0.07807356864213943,0.03,2,10
1917,6,969,0.07656218111515045,0.03,2,10
1917,7,1114,0.06378497928380966,0.03,2,10
1917,8,819,0.03510361537337303,0.03,2,10
1917,9,763,0.03311414271593094,0.03,2,10
1917,10,47,0.029494494199752808,0.03,2,10
1761,1,1263,0.1581340879201889,0.03,2,10
1761,2,698,0.1296490579843521,0.03,2,10
1761,3,495,0.07982224225997925,0.03,2,10
1761,4,507,0.03292161598801613,0.03,2,10
1761,5,623,0.029100844636559486,0.03,2,10
1761,6,1075,0.022201966494321823,0.03,2,10
1761,7,19,0.01916872151196003,0.03,2,10
1761,8,615,0.01260707713663578,0.03,2,10
1761,9,1123,0.012000160291790962,0.03,2,10
1761,10,1348,0.011394962668418884,0.03,2,10
2539,1,5,0.17749373614788055,0.03,2,10
2539,2,558,0.17749373614788055,0.03,2,10
2539,3,701,0.17749373614788055,0.03,2,10
2539,4,1075,0.17749373614788055,0.03,2,10
2539,5,1207,0.029082562774419785,0.03,2,10
2539,6,1392,0.029082562774419785,0.03,2,10
2539,7,1,0.025381067767739296,0.03,2,10
2539,8,65,0.025381067767739296,0.03,2,10
2539,9,243,0.025381067767739296,0.03,2,10
2539,10,1050,0.025381067767739296,0.03,2,10
2477,1,774,0.6664490103721619,0.03,2,10
2477,2,619,0.27576756477355957,0.03,2,10
2477,3,480,0.007588590960949659,0.03,2,10
2477,4,1365,0.007588590960949659,0.03,2,10
2477,5,57,0.006459712516516447,0.03,2,10
2477,6,132,0.006459712516516447,0.03,2,10
2477,7,173,0.006459712516516447,0.03,2,10
2477,8,465,0.006459712516516447,0.03,2,10
2477,9,507,0.006459712516516447,0.03,2,10
2477,10,638,0.006459712516516447,0.03,2,10
1812,1,495,0.090050108730793,0.03,2,10
1812,2,19,0.08506139367818832,0.03,2,10
1812,3,581,0.0724952444434166,0.03,2,10
1812,4,1109,0.050938837230205536,0.03,2,10
1812,5,647,0.04420832544565201,0.03,2,10
1812,6,507,0.03525640442967415,0.03,2,10
1812,7,1228,0.03268292173743248,0.03,2,10
1812,8,1132,0.027095986530184746,0.03,2,10
1812,9,1052,0.026611916720867157,0.03,2,10
1812,10,694,0.025790400803089142,0.03,2,10
2060,1,1262,0.3702991306781769,0.03,2,10
2060,2,1230,0.18569183349609375,0.03,2,10
2060,3,1209,0.0909591093659401,0.03,2,10
2060,4,1299,0.0909591093659401,0.03,2,10
2060,5,295,0.0154274245724082,0.03,2,10
2060,6,333,0.0154274245724082,0.03,2,10
2060,7,1146,0.0154274245724082,0.03,2,10
2060,8,1198,0.0154274245724082,0.03,2,10
2060,9,1201,0.0154274245724082,0.03,2,10
2060,10,1204,0.0154274245724082,0.03,2,10
1856,1,581,0.24426878988742828,0.03,2,10
1856,2,1263,0.17027613520622253,0.03,2,10
1856,3,88,0.08692673593759537,0.03,2,10
1856,4,1132,0.05236581712961197,0.03,2,10
1856,5,336,0.044725626707077026,0.03,2,10
1856,6,648,0.03690711781382561,0.03,2,10
1856,7,874,0.03596965968608856,0.03,2,10
1856,8,877,0.03181426227092743,0.03,2,10
1856,9,507,0.030435943976044655,0.03,2,10
1856,10,1359,0.02460324577987194,0.03,2,10
2238,1,135,0.10669310390949249,0.03,2,10
2238,2,261,0.09388852119445801,0.03,2,10
2238,3,1348,0.0763309970498085,0.03,2,10
2238,4,1175,0.07214708626270294,0.03,2,10
2238,5,915,0.06766462326049805,0.03,2,10
2238,6,1384,0.06756452471017838,0.03,2,10
2238,7,1353,0.05460575968027115,0.03,2,10
2238,8,324,0.0530906543135643,0.03,2,10
2238,9,644,0.046428896486759186,0.03,2,10
2238,10,812,0.03714042156934738,0.03,2,10
2588,1,311,0.13188780844211578,0.03,2,10
2588,2,619,0.13188780844211578,0.03,2,10
2588,3,1424,0.13188780844211578,0.03,2,10
2588,4,303,0.04960772395133972,0.03,2,10
2588,5,623,0.04960772395133972,0.03,2,10
2588,6,763,0.04960772395133972,0.03,2,10
2588,7,1263,0.04960772395133972,0.03,2,10
2588,8,19,0.033107031136751175,0.03,2,10
2588,9,774,0.033107031136751175,0.03,2,10
2588,10,217,0.03300934657454491,0.03,2,10
1805,1,299,0.1044299528002739,0.03,2,10
1805,2,581,0.09307166934013367,0.03,2,10
1805,3,495,0.06366763263940811,0.03,2,10
1805,4,1071,0.0545010045170784,0.03,2,10
1805,5,292,0.04448595643043518,0.03,2,10
1805,6,648,0.037411030381917953,0.03,2,10
1805,7,368,0.034630369395017624,0.03,2,10
1805,8,336,0.033409856259822845,0.03,2,10
1805,9,1397,0.03271564841270447,0.03,2,10
1805,10,507,0.03130961209535599,0.03,2,10
1898,1,750,0.3526398241519928,0.03,2,10
1898,2,4,0.2975253164768219,0.03,2,10
1898,3,814,0.16962701082229614,0.03,2,10
1898,4,1325,0.10831896215677261,0.03,2,10
1898,5,1263,0.09286941587924957,0.03,2,10
1898,6,1046,0.0799463763833046,0.03,2,10
1898,7,1075,0.055977869778871536,0.03,2,10
1898,8,758,0.04750581830739975,0.03,2,10
1898,9,99,0.04394855722784996,0.03,2,10
1898,10,911,0.035412389785051346,0.03,2,10
1934,1,1263,0.22755427658557892,0.03,2,10
1934,2,1292,0.16019651293754578,0.03,2,10
1934,3,1138,0.10732876509428024,0.03,2,10
1934,4,1191,0.09984979778528214,0.03,2,10
1934,5,447,0.09216716885566711,0.03,2,10
1934,6,132,0.07256390899419785,0.03,2,10
1934,7,1174,0.07111094892024994,0.03,2,10
1934,8,514,0.06864749640226364,0.03,2,10
1934,9,696,0.057591140270233154,0.03,2,10
1934,10,926,0.050937116146087646,0.03,2,10
2200,1,1090,0.185309037566185,0.03,2,10
2200,2,507,0.09948039054870605,0.03,2,10
2200,3,474,0.09713030606508255,0.03,2,10
2200,4,56,0.0848158597946167,0.03,2,10
2200,5,648,0.0738121047616005,0.03,2,10
2200,6,1132,0.06280184537172318,0.03,2,10
2200,7,39,0.0623154491186142,0.03,2,10
2200,8,1144,0.056000202894210815,0.03,2,10
2200,9,1328,0.05342898890376091,0.03,2,10
2200,10,1336,0.053086280822753906,0.03,2,10
2459,1,19,0.23284903168678284,0.03,2,10
2459,2,774,0.23284903168678284,0.03,2,10
2459,3,1263,0.054310813546180725,0.03,2,10
2459,4,1261,0.04947348311543465,0.03,2,10
2459,5,1306,0.04947348311543465,0.03,2,10
2459,6,140,0.031098585575819016,0.03,2,10
2459,7,495,0.031098585575819016,0.03,2,10
2459,8,507,0.031098585575819016,0.03,2,10
2459,9,666,0.031098585575819016,0.03,2,10
2459,10,986,0.031098585575819016,0.03,2,10
1745,1,1263,0.1737767606973648,0.03,2,10
1745,2,495,0.04630725458264351,0.03,2,10
1745,3,1075,0.04530976340174675,0.03,2,10
1745,4,507,0.03886577486991882,0.03,2,10
1745,5,623,0.03128846362233162,0.03,2,10
1745,6,19,0.02336794324219227,0.03,2,10
1745,7,299,0.015379157848656178,0.03,2,10
1745,8,760,0.01314388308674097,0.03,2,10
1745,9,615,0.009576070122420788,0.03,2,10
1745,10,176,0.009355572052299976,0.03,2,10
2592,1,750,0.4505375027656555,0.03,2,10
2592,2,78,0.14685691893100739,0.03,2,10
2592,3,1075,0.06250211596488953,0.03,2,10
2592,4,1262,0.04728629067540169,0.03,2,10
2592,5,1203,0.044597525149583817,0.03,2,10
2592,6,40,0.04216698929667473,0.03,2,10
2592,7,82,0.04216698929667473,0.03,2,10
2592,8,187,0.04216698929667473,0.03,2,10
2592,9,211,0.04216698929667473,0.03,2,10
2592,10,234,0.04216698929667473,0.03,2,10
1722,1,1263,0.20588697493076324,0.03,2,10
1722,2,495,0.050034597516059875,0.03,2,10
1722,3,507,0.0421564057469368,0.03,2,10
1722,4,1075,0.03934606909751892,0.03,2,10
1722,5,623,0.03311707079410553,0.03,2,10
1722,6,19,0.025807121768593788,0.03,2,10
1722,7,299,0.015214232727885246,0.03,2,10
1722,8,760,0.015063660219311714,0.03,2,10
1722,9,615,0.014194129034876823,0.03,2,10
1722,10,176,0.012039700523018837,0.03,2,10
2452,1,140,0.5072816610336304,0.03,2,10
2452,2,299,0.11371533572673798,0.03,2,10
2452,3,1207,0.11059203743934631,0.03,2,10
2452,4,860,0.10055630654096603,0.03,2,10
2452,5,794,0.06544569879770279,0.03,2,10
2452,6,1259,0.06544569879770279,0.03,2,10
2452,7,1118,0.06266339123249054,0.03,2,10
2452,8,495,0.0503532737493515,0.03,2,10
2452,9,1075,0.05018940567970276,0.03,2,10
2452,10,523,0.04959503188729286,0.03,2,10
2383,1,1334,0.16617347300052643,0.03,2,10
2383,2,456,0.1295180469751358,0.03,2,10
2383,3,292,0.10373282432556152,0.03,2,10
2383,4,1175,0.08172282576560974,0.03,2,10
2383,5,19,0.0782172754406929,0.03,2,10
2383,6,131,0.07355432957410812,0.03,2,10
2383,7,1071,0.07141715288162231,0.03,2,10
2383,8,284,0.0708230584859848,0.03,2,10
2383,9,1359,0.06552700698375702,0.03,2,10
2383,10,957,0.057425010949373245,0.03,2,10
2440,1,763,0.339016318321228,0.03,2,10
2440,2,860,0.08690984547138214,0.03,2,10
2440,3,1263,0.06977742910385132,0.03,2,10
2440,4,1230,0.06216114014387131,0.03,2,10
2440,5,1262,0.061143018305301666,0.03,2,10
2440,6,988,0.0606381893157959,0.03,2,10
2440,7,996,0.0606381893157959,0.03,2,10
2440,8,1078,0.0606381893157959,0.03,2,10
2440,9,507,0.0533577986061573,0.03,2,10
2440,10,187,0.03652258962392807,0.03,2,10
