node_id,rho,neighbourhood_size,subgraph_edges,active_features,degenerate_features,output_bandwidth,output_centered_norm,lipschitz_constant,step_size,converged,iterations,initial_objective,final_objective,objective_reduction,relative_change,num_nonzero,has_full_top_k,max_beta,min_beta,num_top_features,top_10_features,top_10_betas
1903,0.001,26,78,260,1173,0.19525080919265747,6.97870397567749,12.70218563079834,0.07872661203145981,True,331,0.5,0.23096293210983276,0.26903706789016724,9.343191109678628e-09,59,True,0.3605060577392578,0.0,10,1149;40;1332;750;1336;1425;1328;1060;1301;1131,0.3605060577;0.2757619321;0.1647167057;0.1572748125;0.1436921656;0.1028006375;0.0971477479;0.0791547000;0.0750713646;0.0701353475
1903,0.003,26,78,260,1173,0.19525080919265747,6.97870397567749,12.70218563079834,0.07872661203145981,True,329,0.5,0.23499548435211182,0.2650045156478882,9.275495926885924e-09,59,True,0.3596239984035492,0.0,10,1149;40;1332;750;1336;1425;1328;1060;1301;1131,0.3596239984;0.2754001915;0.1638670117;0.1565102637;0.1427486241;0.1018878147;0.0965254605;0.0780879855;0.0744722709;0.0693626702
1903,0.01,26,78,260,1173,0.19525080919265747,6.97870397567749,12.70218563079834,0.07872661203145981,True,315,0.5,0.24865084886550903,0.25134915113449097,9.307402848435231e-09,46,True,0.3566122055053711,0.0,10,1149;40;1332;750;1336;1425;1328;1060;1301;1131,0.3566122055;0.2736852467;0.1608650833;0.1538566649;0.1394459903;0.0987132192;0.0944590047;0.0744398609;0.0723569170;0.0666226819
1903,0.03,26,78,260,1173,0.19525080919265747,6.97870397567749,12.70218563079834,0.07872661203145981,True,292,0.5,0.28426510095596313,0.21573489904403687,9.005460377409236e-09,29,True,0.3464481234550476,0.0,10,1149;40;1332;750;1336;1425;1328;1301;1060;1131,0.3464481235;0.2637125850;0.1491026878;0.1467096359;0.1281531006;0.0896490216;0.0858080015;0.0656273067;0.0641288310;0.0561364815
1903,0.1,26,78,260,1173,0.19525080919265747,6.97870397567749,12.70218563079834,0.07872661203145981,True,257,0.5,0.37886539101600647,0.12113460898399353,7.679882507716229e-09,22,True,0.3033585846424103,0.0,10,1149;40;750;1332;1336;1328;1425;1301;1060;1131,0.3033585846;0.2286518067;0.1109268889;0.1018539742;0.0835603029;0.0453804508;0.0409298465;0.0389212742;0.0244807843;0.0177917276
1903,0.3,26,78,260,1173,0.19525080919265747,6.97870397567749,12.70218563079834,0.07872661203145981,True,177,0.5,0.48454487323760986,0.015455126762390137,7.450580596923828e-09,2,False,0.1457369178533554,0.0,2,1149;40,0.1457369179;0.0820673332
1749,0.001,194,768,839,594,0.1985519975423813,41.786041259765625,7.578358173370361,0.13195469975471497,True,863,0.5000004172325134,0.44811758399009705,0.05188283324241638,9.32118027208162e-09,293,True,0.17598439753055573,0.0,10,1263;1132;507;623;19;176;495;913;296;299,0.1759843975;0.0691448376;0.0620242804;0.0418660454;0.0369107425;0.0361749604;0.0349359624;0.0315995626;0.0281016827;0.0259474982
1749,0.003,194,768,839,594,0.1985519975423813,41.786041259765625,7.578358173370361,0.13195469975471497,True,854,0.5000004172325134,0.45203137397766113,0.047969043254852295,9.082819829586697e-09,252,True,0.17584604024887085,0.0,10,1263;1132;507;623;19;495;176;913;296;1075,0.1758460402;0.0683908090;0.0620942414;0.0413194001;0.0364604332;0.0350245684;0.0343922712;0.0304939076;0.0263012350;0.0255557783
1749,0.01,194,768,839,594,0.1985519975423813,41.786041259765625,7.578358173370361,0.13195469975471497,True,781,0.5000004172325134,0.4627935290336609,0.03720688819885254,9.990035465534675e-09,143,True,0.17502717673778534,0.0,10,1263;1132;507;623;495;19;176;913;1075;299,0.1750271767;0.0648965538;0.0612609349;0.0392526314;0.0345777459;0.0344995148;0.0281555243;0.0269061718;0.0246556066;0.0219783075
1749,0.03,194,768,839,594,0.1985519975423813,41.786041259765625,7.578358173370361,0.13195469975471497,True,201,0.5000004172325134,0.4790608286857605,0.02093958854675293,9.900094966042161e-09,35,True,0.16701121628284454,0.0,10,1263;507;1132;623;495;19;1075;913;760;299,0.1670112163;0.0534823686;0.0504366830;0.0302291419;0.0289104152;0.0271124449;0.0166717488;0.0139156897;0.0117229614;0.0093698017
1749,0.1,194,768,839,594,0.1985519975423813,41.786041259765625,7.578358173370361,0.13195469975471497,True,100,0.5000004172325134,0.4947519898414612,0.005248427391052246,7.508562660518692e-09,2,False,0.10239900648593903,0.0,2,1263;507,0.1023990065;0.0023471676
1749,0.3,194,768,839,594,0.1985519975423813,41.786041259765625,7.578358173370361,0.13195469975471497,True,1,0.5000004172325134,0.5000004172325134,0.0,0.0,0,False,0.0,0.0,0,,
1726,0.001,190,772,820,613,0.2365036904811859,42.85700225830078,8.01025676727295,0.12483994662761688,True,847,0.5000001788139343,0.4286186397075653,0.07138153910636902,9.64929114388724e-09,286,True,0.24870294332504272,0.0,10,1263;495;1075;398;19;763;507;176;623;397,0.2487029433;0.0702368394;0.0570869520;0.0539305881;0.0386381298;0.0357154831;0.0343169011;0.0329371765;0.0315485969;0.0288281068
1726,0.003,190,772,820,613,0.2365036904811859,42.85700225830078,8.01025676727295,0.12483994662761688,True,825,0.5000001788139343,0.43239688873291016,0.06760329008102417,9.601264672198795e-09,236,True,0.24874190986156464,0.0,10,1263;495;1075;398;19;763;507;176;623;99,0.2487419099;0.0702875555;0.0568622984;0.0535273775;0.0381237753;0.0353328623;0.0341612995;0.0311579872;0.0309712943;0.0283061061
1726,0.01,190,772,820,613,0.2365036904811859,42.85700225830078,8.01025676727295,0.12483994662761688,True,354,0.5000001788139343,0.442947119474411,0.057053059339523315,9.947892287698323e-09,139,True,0.24831470847129822,0.0,10,1263;495;1075;398;19;763;507;623;99;176,0.2483147085;0.0697817877;0.0556689873;0.0521434434;0.0363519564;0.0330588929;0.0323786251;0.0288771782;0.0264475103;0.0247902665
1726,0.03,190,772,820,613,0.2365036904811859,42.85700225830078,8.01025676727295,0.12483994662761688,True,208,0.5000001788139343,0.4600397050380707,0.03996047377586365,9.463355432615117e-09,22,True,0.24156232178211212,0.0,10,1263;495;1075;398;19;507;763;623;99;760,0.2415623218;0.0631733611;0.0472335480;0.0461374857;0.0273674726;0.0230648126;0.0196681879;0.0163293350;0.0133380294;0.0111175347
1726,0.1,190,772,820,613,0.2365036904811859,42.85700225830078,8.01025676727295,0.12483994662761688,True,114,0.5000001788139343,0.4826730191707611,0.017327159643173218,0.0,2,False,0.1856541782617569,0.0,2,1263;495,0.1856541783;0.0108874114
1726,0.3,190,772,820,613,0.2365036904811859,42.85700225830078,8.01025676727295,0.12483994662761688,True,1,0.5000001788139343,0.5000001788139343,0.0,0.0,0,False,0.0,0.0,0,,
2499,0.001,7,16,71,1362,0.08248905092477798,1.8729840517044067,15.451394081115723,0.06471908092498779,True,236,0.4999999403953552,0.10972872376441956,0.39027121663093567,9.451891713752048e-09,54,True,0.1416882574558258,0.0,10,211;777;1426;89;110;289;373;431;442;726,0.1416882575;0.1416882575;0.1416882575;0.0534782410;0.0534782410;0.0534782410;0.0534782410;0.0534782410;0.0534782410;0.0534782410
2499,0.003,7,16,71,1362,0.08248905092477798,1.8729840517044067,15.451394081115723,0.06471908092498779,True,230,0.4999999403953552,0.11256931722164154,0.3874306231737137,9.405896506109457e-09,54,True,0.14169363677501678,0.0,10,211;777;1426;89;110;289;373;431;442;726,0.1416936368;0.1416936368;0.1416936368;0.0533208698;0.0533208698;0.0533208698;0.0533208698;0.0533208698;0.0533208698;0.0533208698
2499,0.01,7,16,71,1362,0.08248905092477798,1.8729840517044067,15.451394081115723,0.06471908092498779,False,10000,0.4999999403953552,0.12234033644199371,0.3776596039533615,1.2477637589825008e-08,54,True,0.14171278476715088,0.0,10,211;777;1426;89;110;289;373;431;442;726,0.1417127848;0.1417127848;0.1417127848;0.0527700223;0.0527700223;0.0527700223;0.0527700223;0.0527700223;0.0527700223;0.0527700223
2499,0.03,7,16,71,1362,0.08248905092477798,1.8729840517044067,15.451394081115723,0.06471908092498779,True,188,0.4999999403953552,0.1487908810377121,0.3512090593576431,7.926507450406461e-09,54,True,0.14176717400550842,0.0,10,211;777;1426;89;110;289;373;431;442;726,0.1417671740;0.1417671740;0.1417671740;0.0511962026;0.0511962026;0.0511962026;0.0511962026;0.0511962026;0.0511962026;0.0511962026
2499,0.1,7,16,71,1362,0.08248905092477798,1.8729840517044067,15.451394081115723,0.06471908092498779,True,85,0.4999999403953552,0.22521629929542542,0.2747836410999298,0.0,24,True,0.13187871873378754,0.0,10,211;777;1426;89;110;289;373;431;442;726,0.1318787187;0.1318787187;0.1318787187;0.0463735797;0.0463735797;0.0463735797;0.0463735797;0.0463735797;0.0463735797;0.0463735797
2499,0.3,7,16,71,1362,0.08248905092477798,1.8729840517044067,15.451394081115723,0.06471908092498779,True,78,0.4999999403953552,0.37709736824035645,0.12290257215499878,0.0,14,True,0.08206865191459656,0.0,10,211;777;1426;89;110;289;373;431;442;726,0.0820686519;0.0820686519;0.0820686519;0.0326177366;0.0326177366;0.0326177366;0.0326177366;0.0326177366;0.0326177366;0.0326177366
2075,0.001,18,66,182,1251,0.19186140596866608,3.7631969451904297,14.40362548828125,0.06942696124315262,True,425,0.5,0.22713150084018707,0.2728684991598129,9.943462941919279e-09,84,True,0.23634518682956696,0.0,10,1355;1381;808;866;1071;1352;924;240;627;1081,0.2363451868;0.1869887263;0.1826334894;0.1198602766;0.1159673706;0.0965239704;0.0672569871;0.0633749962;0.0518929139;0.0455744714
2075,0.003,18,66,182,1251,0.19186140596866608,3.7631969451904297,14.40362548828125,0.06942696124315262,True,423,0.5,0.23128008842468262,0.2687199115753174,9.463311023694132e-09,84,True,0.2363535314798355,0.0,10,1355;1381;808;866;1071;1352;924;240;627;1081,0.2363535315;0.1864187419;0.1811997592;0.1192712709;0.1150273606;0.0957443342;0.0662449747;0.0621895120;0.0512620397;0.0449048728
2075,0.01,18,66,182,1251,0.19186140596866608,3.7631969451904297,14.40362548828125,0.06942696124315262,True,419,0.5,0.2454318255186081,0.2545681744813919,9.678587709061048e-09,63,True,0.23617997765541077,0.0,10,1355;1381;808;866;1071;1352;924;240;627;1081,0.2361799777;0.1833655387;0.1757919341;0.1162624955;0.1115437001;0.0921603367;0.0626370162;0.0570103377;0.0488997735;0.0425851159
2075,0.03,18,66,182,1251,0.19186140596866608,3.7631969451904297,14.40362548828125,0.06942696124315262,True,408,0.5,0.2829074561595917,0.21709254384040833,9.867186179235432e-09,52,True,0.23542729020118713,0.0,10,1355;1381;808;866;1071;1352;924;240;627;1081,0.2354272902;0.1726842225;0.1599761099;0.1061161458;0.1014128625;0.0810076296;0.0523063503;0.0401992947;0.0388881043;0.0359612107
2075,0.1,18,66,182,1251,0.19186140596866608,3.7631969451904297,14.40362548828125,0.06942696124315262,True,404,0.5,0.3821480870246887,0.11785191297531128,7.736145946068973e-09,43,True,0.22943595051765442,0.0,10,1355;1381;808;866;1071;1352;1360;407;824;1266,0.2294359505;0.1332999468;0.1022889540;0.0713876113;0.0577181876;0.0412537456;0.0384985842;0.0191684477;0.0191684477;0.0191684477
2075,0.3,18,66,182,1251,0.19186140596866608,3.7631969451904297,14.40362548828125,0.06942696124315262,True,256,0.5,0.48525169491767883,0.014748305082321167,0.0,12,True,0.14187856018543243,0.0,10,1355;82;168;211;254;653;763;929;1117;1290,0.1418785602;0.0045241360;0.0045241360;0.0045241360;0.0045241360;0.0045241360;0.0045241360;0.0045241360;0.0045241360;0.0045241360
1971,0.001,26,88,263,1170,0.22797784209251404,6.647634506225586,16.174013137817383,0.06182757392525673,True,467,0.5000001192092896,0.36202487349510193,0.13797524571418762,9.568744907539894e-09,132,True,0.23273007571697235,0.0,10,661;336;135;261;523;1259;1353;1079;1220;971,0.2327300757;0.1520118117;0.1037073135;0.0788518265;0.0742747486;0.0695063695;0.0578098148;0.0415747985;0.0400062948;0.0366473161
1971,0.003,26,88,263,1170,0.22797784209251404,6.647634506225586,16.174013137817383,0.06182757392525673,True,466,0.5000001192092896,0.36547937989234924,0.1345207393169403,9.723293281638234e-09,132,True,0.23375476896762848,0.0,10,661;336;135;261;523;1259;1353;1079;1220;971,0.2337547690;0.1505925208;0.1030130833;0.0779585764;0.0733361244;0.0680129603;0.0572726987;0.0393324308;0.0391126648;0.0358053185
1971,0.01,26,88,263,1170,0.22797784209251404,6.647634506225586,16.174013137817383,0.06182757392525673,True,465,0.5000001192092896,0.37691816687583923,0.12308195233345032,9.610436002560618e-09,133,True,0.2372778356075287,0.0,10,661;336;135;261;523;1259;1353;1220;971;1079,0.2372778356;0.1455174983;0.1005949378;0.0747319534;0.0699000210;0.0628519505;0.0554118082;0.0360285155;0.0328892805;0.0314603411
1971,0.03,26,88,263,1170,0.22797784209251404,6.647634506225586,16.174013137817383,0.06182757392525673,True,465,0.5000001192092896,0.404409795999527,0.09559032320976257,9.883653895315092e-09,94,True,0.23968656361103058,0.0,10,661;336;135;261;523;1353;1259;1220;19;971,0.2396865636;0.1309101582;0.0929858834;0.0649030134;0.0613377728;0.0497428142;0.0488169231;0.0257764328;0.0253043901;0.0229687318
1971,0.1,26,88,263,1170,0.22797784209251404,6.647634506225586,16.174013137817383,0.06182757392525673,True,289,0.5000001192092896,0.4629303514957428,0.03706976771354675,8.535712581192456e-09,30,True,0.2059752494096756,0.0,10,661;336;135;261;523;6;146;234;285;286,0.2059752494;0.0716065317;0.0443330817;0.0244782716;0.0213302150;0.0151403202;0.0151403202;0.0151403202;0.0151403202;0.0151403202
1971,0.3,26,88,263,1170,0.22797784209251404,6.647634506225586,16.174013137817383,0.06182757392525673,True,181,0.5000001192092896,0.4998321831226349,0.00016793608665466309,7.450580596923828e-09,1,False,0.018327228724956512,0.0,1,661,0.0183272287
1965,0.001,13,28,155,1278,0.2011992186307907,3.6335458755493164,16.490968704223633,0.06063925102353096,True,377,0.4999999701976776,0.34342658519744873,0.15657338500022888,9.992747962428439e-09,110,True,0.14968110620975494,0.0,10,1254;44;48;221;285;303;335;447;540;640,0.1496811062;0.0868161693;0.0287770592;0.0287770592;0.0287770592;0.0287770592;0.0287770592;0.0287770592;0.0287770592;0.0287770592
1965,0.003,13,28,155,1278,0.2011992186307907,3.6335458755493164,16.490968704223633,0.06063925102353096,True,380,0.4999999701976776,0.3463571071624756,0.15364286303520203,9.71492664092466e-09,110,True,0.15107710659503937,0.0,10,1254;44;48;221;285;303;335;447;540;640,0.1510771066;0.0855075940;0.0286032967;0.0286032967;0.0286032967;0.0286032967;0.0286032967;0.0286032967;0.0286032967;0.0286032967
1965,0.01,13,28,155,1278,0.2011992186307907,3.6335458755493164,16.490968704223633,0.06063925102353096,True,359,0.4999999701976776,0.35624587535858154,0.14375409483909607,7.809377144951668e-09,107,True,0.15502743422985077,0.0,10,1254;44;48;221;285;303;335;447;540;640,0.1550274342;0.0810167566;0.0279982202;0.0279982202;0.0279982202;0.0279982202;0.0279982202;0.0279982202;0.0279982202;0.0279982202
1965,0.03,13,28,155,1278,0.2011992186307907,3.6335458755493164,16.490968704223633,0.06063925102353096,True,335,0.4999999701976776,0.3817180395126343,0.11828193068504333,7.50495221524261e-09,102,True,0.15187713503837585,0.0,10,1254;44;48;221;285;303;335;447;540;640,0.1518771350;0.0695417002;0.0263164826;0.0263164826;0.0263164826;0.0263164826;0.0263164826;0.0263164826;0.0263164826;0.0263164826
1965,0.1,13,28,155,1278,0.2011992186307907,3.6335458755493164,16.490968704223633,0.06063925102353096,True,254,0.4999999701976776,0.4433150291442871,0.0566849410533905,7.450580596923828e-09,42,True,0.1276061236858368,0.0,10,1254;44;48;221;285;303;335;447;540;640,0.1276061237;0.0289317351;0.0204022583;0.0204022583;0.0204022583;0.0204022583;0.0204022583;0.0204022583;0.0204022583;0.0204022583
1965,0.3,13,28,155,1278,0.2011992186307907,3.6335458755493164,16.490968704223633,0.06063925102353096,True,13,0.4999999701976776,0.4994111955165863,0.0005887746810913086,6.177695244247161e-09,11,True,0.003119630739092827,0.0,10,48;221;285;303;335;447;540;640;725;936,0.0031196307;0.0031196307;0.0031196307;0.0031196307;0.0031196307;0.0031196307;0.0031196307;0.0031196307;0.0031196307;0.0031196307
2002,0.001,80,206,570,863,0.3460208475589752,16.051143646240234,12.222575187683105,0.08181581646203995,True,1239,0.5,0.33834075927734375,0.16165924072265625,9.897399344538371e-09,201,True,0.22519375383853912,0.0,10,474;647;507;774;125;661;77;1091;146;1209,0.2251937538;0.1724536568;0.1465165019;0.1022835448;0.0745536909;0.0734826922;0.0701586157;0.0648690909;0.0630639791;0.0573573820
2002,0.003,80,206,570,863,0.3460208475589752,16.051143646240234,12.222575187683105,0.08181581646203995,True,1239,0.5,0.34322741627693176,0.15677258372306824,9.86100268107748e-09,200,True,0.22510911524295807,0.0,10,474;647;507;774;125;661;77;1091;146;1209,0.2251091152;0.1717818975;0.1463669986;0.1025325656;0.0738480985;0.0722138509;0.0689215511;0.0634315386;0.0611158535;0.0571814105
2002,0.01,80,206,570,863,0.3460208475589752,16.051143646240234,12.222575187683105,0.08181581646203995,True,1268,0.5,0.35881170630455017,0.14118829369544983,9.79065983841565e-09,127,True,0.22432789206504822,0.0,10,474;647;507;774;125;661;77;1091;1209;146,0.2243278921;0.1692945212;0.1454929262;0.1030934304;0.0707150474;0.0679470301;0.0640473068;0.0584273934;0.0561015867;0.0543322973
2002,0.03,80,206,570,863,0.3460208475589752,16.051143646240234,12.222575187683105,0.08181581646203995,True,1041,0.5,0.3933604061603546,0.10663959383964539,9.98732208046249e-09,68,True,0.2206304669380188,0.0,10,474;647;507;774;125;661;77;1209;99;1091,0.2206304669;0.1613395959;0.1412831396;0.0979585797;0.0608930662;0.0541097596;0.0502293594;0.0490803644;0.0442484170;0.0439317860
2002,0.1,80,206,570,863,0.3460208475589752,16.051143646240234,12.222575187683105,0.08181581646203995,True,203,0.5,0.4540204405784607,0.04597955942153931,8.172322374377927e-09,7,False,0.19334526360034943,0.0,7,474;647;507;774;125;1209;661,0.1933452636;0.1296354085;0.1070260331;0.0528379455;0.0136752259;0.0027072430;0.0018327879
2002,0.3,80,206,570,863,0.3460208475589752,16.051143646240234,12.222575187683105,0.08181581646203995,True,150,0.5,0.4990234375,0.0009765625,7.450580596923828e-09,1,False,0.04419334977865219,0.0,1,474,0.0441933498
2691,0.001,4,8,59,1374,0.10543184727430344,1.4717904329299927,21.962501525878906,0.04553215578198433,True,1867,0.5,0.0015061565209180117,0.498493843479082,1.8034984616832617e-09,31,True,0.2728379964828491,0.0,10,146;619;1348;1151;140;302;591;757;937;1005,0.2728379965;0.2728379965;0.2728379965;0.2605009973;0.0166965220;0.0166965220;0.0166965220;0.0166965220;0.0166965220;0.0166965220
2691,0.003,4,8,59,1374,0.10543184727430344,1.4717904329299927,21.962501525878906,0.04553215578198433,True,1827,0.5,0.004093572031706572,0.49590642796829343,6.5926437642360725e-09,31,True,0.2723495662212372,0.0,10,146;619;1348;1151;140;302;591;757;937;1005,0.2723495662;0.2723495662;0.2723495662;0.2598857284;0.0165743716;0.0165743716;0.0165743716;0.0165743716;0.0165743716;0.0165743716
2691,0.01,4,8,59,1374,0.10543184727430344,1.4717904329299927,21.962501525878906,0.04553215578198433,True,1698,0.5,0.013069937005639076,0.4869300629943609,4.057871372253885e-09,31,True,0.2706395983695984,0.0,10,146;619;1348;1151;140;302;591;757;937;1005,0.2706395984;0.2706395984;0.2706395984;0.2577306628;0.0161469039;0.0161469039;0.0161469039;0.0161469039;0.0161469039;0.0161469039
2691,0.03,4,8,59,1374,0.10543184727430344,1.4717904329299927,21.962501525878906,0.04553215578198433,True,1486,0.5,0.038046013563871384,0.4619539864361286,0.0,16,True,0.2657161355018616,0.0,10,146;619;1348;1151;140;302;591;757;937;1005,0.2657161355;0.2657161355;0.2657161355;0.2502888143;0.0149160577;0.0149160577;0.0149160577;0.0149160577;0.0149160577;0.0149160577
2691,0.1,4,8,59,1374,0.10543184727430344,1.4717904329299927,21.962501525878906,0.04553215578198433,True,1416,0.5,0.11899001896381378,0.3810099810361862,0.0,16,True,0.24821601808071136,0.0,10,146;619;1348;1151;140;302;591;757;937;1005,0.2482160181;0.2482160181;0.2482160181;0.2151155323;0.0105410386;0.0105410386;0.0105410386;0.0105410386;0.0105410386;0.0105410386
2691,0.3,4,8,59,1374,0.10543184727430344,1.4717904329299927,21.962501525878906,0.04553215578198433,True,1609,0.5,0.2964375615119934,0.2035624384880066,7.450580596923828e-09,4,False,0.19820614159107208,0.0,4,146;619;1348;1151,0.1982061416;0.1982061416;0.1982061416;0.1068332940
2685,0.001,12,36,131,1302,0.1282934844493866,2.8742685317993164,18.103219985961914,0.055238790810108185,True,622,0.5000000596046448,0.13525256514549255,0.3647474944591522,9.413098744914805e-09,79,True,0.3496737480163574,0.0,10,140;915;1290;1313;131;1328;1249;1066;299;310,0.3496737480;0.2100458443;0.1365031898;0.1365031898;0.1132477224;0.0610081628;0.0470320880;0.0444911681;0.0250066016;0.0250066016
2685,0.003,12,36,131,1302,0.1282934844493866,2.8742685317993164,18.103219985961914,0.055238790810108185,True,617,0.5000000596046448,0.13902026414871216,0.3609797954559326,9.71353131262731e-09,79,True,0.3492627739906311,0.0,10,140;915;1290;1313;131;1328;1249;1066;299;310,0.3492627740;0.2092061043;0.1358198822;0.1358198822;0.1125072911;0.0604318008;0.0460672714;0.0443727039;0.0249232501;0.0249232501
2685,0.01,12,36,131,1302,0.1282934844493866,2.8742685317993164,18.103219985961914,0.055238790810108185,True,494,0.5000000596046448,0.15194083750247955,0.3480592221021652,9.352795871109265e-09,78,True,0.3478875160217285,0.0,10,140;915;1290;1313;131;1328;1066;1249;299;310,0.3478875160;0.2061451524;0.1334494948;0.1334494948;0.1099536344;0.0584426522;0.0438354164;0.0423222333;0.0246309545;0.0246309545
2685,0.03,12,36,131,1302,0.1282934844493866,2.8742685317993164,18.103219985961914,0.055238790810108185,True,423,0.5000000596046448,0.18675705790519714,0.31324300169944763,7.693986781021067e-09,45,True,0.34139224886894226,0.0,10,140;915;1290;1313;131;1328;1066;1249;299;310,0.3413922489;0.1965761930;0.1267321557;0.1267321557;0.1028163657;0.0492940322;0.0413807780;0.0321886465;0.0238272883;0.0238272883
2685,0.1,12,36,131,1302,0.1282934844493866,2.8742685317993164,18.103219985961914,0.055238790810108185,True,558,0.5000000596046448,0.2896726727485657,0.2103273868560791,8.33000246558413e-09,38,True,0.30594971776008606,0.0,10,140;915;1290;1313;131;299;310;378;673;731,0.3059497178;0.1491541266;0.1043799818;0.1043799818;0.0733176023;0.0216018222;0.0216018222;0.0216018222;0.0216018222;0.0216018222
2685,0.3,12,36,131,1302,0.1282934844493866,2.8742685317993164,18.103219985961914,0.055238790810108185,True,1030,0.5000000596046448,0.45941728353500366,0.04058277606964111,9.125060707049215e-09,21,True,0.13480520248413086,0.0,10,140;1290;1313;507;299;310;378;673;731;740,0.1348052025;0.0320507139;0.0320507139;0.0273503028;0.0125322454;0.0125322454;0.0125322454;0.0125322454;0.0125322454;0.0125322454
